Fleez,FullFleezId,Species,View,FileName
1705,ms1705,B_dor-S-lat_CostaNotExp,w,B_dor-S-lat_CostaNotExp_ms1705_w.jpg
1707,ms1707,B_dor-S-lat_CostaNotExp,w,B_dor-S-lat_CostaNotExp_ms1707_w.jpg
1709,ms1709,B_dor-S-lat_CostaNotExp,w,B_dor-S-lat_CostaNotExp_ms1709_w.jpg
1711,ms1711,B_dor-S-lat_CostaNotExp,w,B_dor-S-lat_CostaNotExp_ms1711_w.jpg
1712,ms1712,B_dor-S-lat_CostaNotExp,w,B_dor-S-lat_CostaNotExp_ms1712_w.jpg
1713,ms1713,B_dor-S-lat_CostaNotExp,w,B_dor-S-lat_CostaNotExp_ms1713_w.jpg
1714,ms1714,B_dor-S-lat_CostaNotExp,w,B_dor-S-lat_CostaNotExp_ms1714_w.jpg
1715,ms1715,B_dor-S-lat_CostaNotExp,w,B_dor-S-lat_CostaNotExp_ms1715_w.jpg
1716,ms1716,B_dor-S-lat_CostaNotExp,w,B_dor-S-lat_CostaNotExp_ms1716_w.jpg
1717,ms1717,B_dor-S-lat_CostaNotExp,w,B_dor-S-lat_CostaNotExp_ms1717_w.jpg
1718,ms1718,B_dor-S-lat_CostaNotExp,w,B_dor-S-lat_CostaNotExp_ms1718_w.jpg
1719,ms1719,B_dor-S-lat_CostaNotExp,w,B_dor-S-lat_CostaNotExp_ms1719_w.jpg
1778,ms1778,B_dor-S-lat_CostaNotExp,w,B_dor-S-lat_CostaNotExp_ms1778_w.jpg
1779,ms1779,B_dor-S-lat_CostaNotExp,w,B_dor-S-lat_CostaNotExp_ms1779_w.jpg
1670,ms1670,B_dorsalis-dark-abd,w,B_dorsalis-dark-abd_ms1670_w.jpg
1671,ms1671,B_dorsalis-dark-abd,w,B_dorsalis-dark-abd_ms1671_w.jpg
1672,ms1672,B_dorsalis-dark-abd,w,B_dorsalis-dark-abd_ms1672_w.jpg
1673,ms1673,B_dorsalis-dark-abd,w,B_dorsalis-dark-abd_ms1673_w.jpg
1674,ms1674,B_dorsalis-dark-abd,w,B_dorsalis-dark-abd_ms1674_w.jpg
1675,ms1675,B_dorsalis-dark-abd,w,B_dorsalis-dark-abd_ms1675_w.jpg
1676,ms1676,B_dorsalis-dark-abd,w,B_dorsalis-dark-abd_ms1676_w.jpg
1677,ms1677,B_dorsalis-dark-abd,w,B_dorsalis-dark-abd_ms1677_w.jpg
1678,ms1678,B_dorsalis-dark-abd,w,B_dorsalis-dark-abd_ms1678_w.jpg
1679,ms1679,B_dorsalis-dark-abd,w,B_dorsalis-dark-abd_ms1679_w.jpg
1680,ms1680,B_dorsalis-dark-abd,w,B_dorsalis-dark-abd_ms1680_w.jpg
1681,ms1681,B_dorsalis-dark-abd,w,B_dorsalis-dark-abd_ms1681_w.jpg
1682,ms1682,B_dorsalis-dark-abd,w,B_dorsalis-dark-abd_ms1682_w.jpg
1683,ms1683,B_dorsalis-dark-abd,w,B_dorsalis-dark-abd_ms1683_w.jpg
1684,ms1684,B_dorsalis-dark-abd,w,B_dorsalis-dark-abd_ms1684_w.jpg
1685,ms1685,B_dorsalis-dark-abd,w,B_dorsalis-dark-abd_ms1685_w.jpg
1686,ms1686,B_dorsalis-dark-abd,w,B_dorsalis-dark-abd_ms1686_w.jpg
1687,ms1687,B_dorsalis-dark-abd,w,B_dorsalis-dark-abd_ms1687_w.jpg
1688,ms1688,B_dorsalis-dark-abd,w,B_dorsalis-dark-abd_ms1688_w.jpg
1689,ms1689,B_dorsalis-dark-abd,w,B_dorsalis-dark-abd_ms1689_w.jpg
1648,ms1648,B_dorsalis-red-thorax,w,B_dorsalis-red-thorax_ms1648_w.jpg
1649,ms1649,B_dorsalis-red-thorax,w,B_dorsalis-red-thorax_ms1649_w.jpg
1650,ms1650,B_dorsalis-red-thorax,w,B_dorsalis-red-thorax_ms1650_w.jpg
1651,ms1651,B_dorsalis-red-thorax,w,B_dorsalis-red-thorax_ms1651_w.jpg
1652,ms1652,B_dorsalis-red-thorax,w,B_dorsalis-red-thorax_ms1652_w.jpg
1653,ms1653,B_dorsalis-red-thorax,w,B_dorsalis-red-thorax_ms1653_w.jpg
1654,ms1654,B_dorsalis-red-thorax,w,B_dorsalis-red-thorax_ms1654_w.jpg
1655,ms1655,B_dorsalis-red-thorax,w,B_dorsalis-red-thorax_ms1655_w.jpg
1656,ms1656,B_dorsalis-red-thorax,w,B_dorsalis-red-thorax_ms1656_w.jpg
1657,ms1657,B_dorsalis-red-thorax,w,B_dorsalis-red-thorax_ms1657_w.jpg
1628,ms1628,B_dorsalis,w,B_dorsalis_ms1628_w.jpg
1629,ms1629,B_dorsalis,w,B_dorsalis_ms1629_w.jpg
1630,ms1630,B_dorsalis,w,B_dorsalis_ms1630_w.jpg
1631,ms1631,B_dorsalis,w,B_dorsalis_ms1631_w.jpg
1632,ms1632,B_dorsalis,w,B_dorsalis_ms1632_w.jpg
1633,ms1633,B_dorsalis,w,B_dorsalis_ms1633_w.jpg
1634,ms1634,B_dorsalis,w,B_dorsalis_ms1634_w.jpg
1635,ms1635,B_dorsalis,w,B_dorsalis_ms1635_w.jpg
1636,ms1636,B_dorsalis,w,B_dorsalis_ms1636_w.jpg
1636,ms1636,B_dorsalis,w,B_dorsalis_ms1636_w2.jpg
1637,ms1637,B_dorsalis,w,B_dorsalis_ms1637_w.jpg
1638,ms1638,B_dorsalis,w,B_dorsalis_ms1638_w.jpg
1639,ms1639,B_dorsalis,w,B_dorsalis_ms1639_w.jpg
1640,ms1640,B_dorsalis,w,B_dorsalis_ms1640_w.jpg
1641,ms1641,B_dorsalis,w,B_dorsalis_ms1641_w.jpg
1642,ms1642,B_dorsalis,w,B_dorsalis_ms1642_w.jpg
1643,ms1643,B_dorsalis,w,B_dorsalis_ms1643_w.jpg
1644,ms1644,B_dorsalis,w,B_dorsalis_ms1644_w.jpg
1645,ms1645,B_dorsalis,w,B_dorsalis_ms1645_w.jpg
1646,ms1646,B_dorsalis,w,B_dorsalis_ms1646_w.jpg
1646,ms1646,B_dorsalis,w,B_dorsalis_ms1646_w2.jpg
1647,ms1647,B_dorsalis,w,B_dorsalis_ms1647_w.jpg
3632,ms3632,B_dorsalis,w,B_dorsalis_ms3632_w.JPG
1175,ms1175,B_fuscitibia,w,B_fuscitibia_ms1175_w.JPG
1176,ms1176,B_fuscitibia,w,B_fuscitibia_ms1176_w.JPG
1177,ms1177,B_fuscitibia,w,B_fuscitibia_ms1177_w.JPG
1178,ms1178,B_fuscitibia,w,B_fuscitibia_ms1178_w.JPG
1179,ms1179,B_fuscitibia,w,B_fuscitibia_ms1179_w.JPG
1297,ms1297,B_fuscitibia,w,B_fuscitibia_ms1297_w.JPG
1740,ms1740,B_invadens,w,B_invadens_ms1740_w.jpg
1741,ms1741,B_invadens,w,B_invadens_ms1741_w.jpg
1742,ms1742,B_invadens,w,B_invadens_ms1742_w.jpg
1743,ms1743,B_invadens,w,B_invadens_ms1743_w.jpg
1744,ms1744,B_invadens,w,B_invadens_ms1744_w.jpg
1745,ms1745,B_invadens,w,B_invadens_ms1745_w.jpg
1746,ms1746,B_invadens,w,B_invadens_ms1746_w.jpg
1747,ms1747,B_invadens,w,B_invadens_ms1747_w.jpg
1748,ms1748,B_invadens,w,B_invadens_ms1748_w.jpg
1749,ms1749,B_invadens,w,B_invadens_ms1749_w.jpg
1750,ms1750,B_invadens,w,B_invadens_ms1750_w.jpg
1751,ms1751,B_invadens,w,B_invadens_ms1751_w.jpg
1752,ms1752,B_invadens,w,B_invadens_ms1752_w.jpg
1753,ms1753,B_invadens,w,B_invadens_ms1753_w.jpg
1754,ms1754,B_invadens,w,B_invadens_ms1754_w.jpg
1755,ms1755,B_invadens,w,B_invadens_ms1755_w.jpg
1756,ms1756,B_invadens,w,B_invadens_ms1756_w.jpg
1757,ms1757,B_invadens,w,B_invadens_ms1757_w.jpg
1758,ms1758,B_invadens,w,B_invadens_ms1758_w.jpg
1759,ms1759,B_invadens,w,B_invadens_ms1759_w.jpg
1760,ms1760,B_invadens,w,B_invadens_ms1760_w.jpg
1761,ms1761,B_invadens,w,B_invadens_ms1761_w.jpg
1762,ms1762,B_invadens,w,B_invadens_ms1762_w.jpg
1763,ms1763,B_invadens,w,B_invadens_ms1763_w.jpg
1764,ms1764,B_invadens,w,B_invadens_ms1764_w.jpg
1765,ms1765,B_invadens,w,B_invadens_ms1765_w.jpg
1766,ms1766,B_invadens,w,B_invadens_ms1766_w.jpg
1767,ms1767,B_invadens,w,B_invadens_ms1767_w.jpg
1768,ms1768,B_invadens,w,B_invadens_ms1768_w.jpg
1769,ms1769,B_invadens,w,B_invadens_ms1769_w.jpg
1770,ms1770,B_invadens,w,B_invadens_ms1770_w.jpg
1771,ms1771,B_invadens,w,B_invadens_ms1771_w.jpg
1772,ms1772,B_invadens,w,B_invadens_ms1772_w.jpg
1300,ms1300,B_kanchanaburi,w,B_kanchanaburi_ms1300_w.JPG
1301,ms1301,B_kanchanaburi,w,B_kanchanaburi_ms1301_w.JPG
1302,ms1302,B_kanchanaburi,w,B_kanchanaburi_ms1302_w.JPG
1303,ms1303,B_kanchanaburi,w,B_kanchanaburi_ms1303_w.JPG
1782,ms1782-2,B_kanchanaburi,w,B_kanchanaburi_ms1782-2_w.JPG
1782,ms1782,B_kanchanaburi,w,B_kanchanaburi_ms1782_w.JPG
3596,ms3596,B_kanchanaburi,w,B_kanchanaburi_ms3596_w.JPG
3597,ms3597,B_kanchanaburi,w,B_kanchanaburi_ms3597_w.JPG
3598,ms3598,B_kanchanaburi,w,B_kanchanaburi_ms3598_w.JPG
3599,ms3599,B_kanchanaburi,w,B_kanchanaburi_ms3599_w.JPG
3603,ms3603,B_kanchanaburi,w,B_kanchanaburi_ms3603_w.JPG
3725,ms3725,B_kanchanaburi,w,B_kanchanaburi_ms3725_w.JPG
3726,ms3726,B_kanchanaburi,w,B_kanchanaburi_ms3726_w.JPG
3727,ms3727,B_kanchanaburi,w,B_kanchanaburi_ms3727_w.JPG
3728,ms3728,B_kanchanaburi,w,B_kanchanaburi_ms3728_w.JPG
3729,ms3729,B_kanchanaburi,w,B_kanchanaburi_ms3729_w.JPG
3762,ms3762,B_laithieuiae,w,B_laithieuiae_ms3762_w.JPG
1114,ms1114,B_latilineola,w,B_latilineola_ms1114_w.JPG
1299,ms1299,B_latilineola,w,B_latilineola_ms1299_w.JPG
2024,ms2024,B_latilineola,w,B_latilineola_ms2024_w.JPG
2025,ms2025,B_latilineola,w,B_latilineola_ms2025_w.JPG
1410,ms1410,B_melastomatos,w,B_melastomatos_ms1410_w.JPG
1411,ms1411,B_melastomatos,w,B_melastomatos_ms1411_w.JPG
1412,ms1412,B_melastomatos,w,B_melastomatos_ms1412_w.JPG
1413,ms1413,B_melastomatos,w,B_melastomatos_ms1413_w.JPG
1414,ms1414,B_melastomatos,w,B_melastomatos_ms1414_w.JPG
1415,ms1415,B_melastomatos,w,B_melastomatos_ms1415_w.JPG
1416,ms1416,B_melastomatos,w,B_melastomatos_ms1416_w.JPG
1417,ms1417,B_melastomatos,w,B_melastomatos_ms1417_w.JPG
1985,ms1985,B_occipitalis,w,B_occipitalis_ms1985_w.JPG
1986,ms1986,B_occipitalis,w,B_occipitalis_ms1986_w.JPG
1987,ms1987,B_occipitalis,w,B_occipitalis_ms1987_w.JPG
1988,ms1988,B_occipitalis,w,B_occipitalis_ms1988_w.JPG
1989,ms1989,B_occipitalis,w,B_occipitalis_ms1989_w.JPG
1990,ms1990,B_occipitalis,w,B_occipitalis_ms1990_w.JPG
1991,ms1991,B_occipitalis,w,B_occipitalis_ms1991_w.JPG
1992,ms1992,B_occipitalis,w,B_occipitalis_ms1992_w.JPG
1993,ms1993,B_occipitalis,w,B_occipitalis_ms1993_w.JPG
1994,ms1994,B_occipitalis,w,B_occipitalis_ms1994_w.JPG
1995,ms1995,B_occipitalis,w,B_occipitalis_ms1995_w.JPG
1996,ms1996,B_occipitalis,w,B_occipitalis_ms1996_w.JPG
1135,ms1135,B_osbeckiae,w,B_osbeckiae_ms1135_w.JPG
1152,ms1152,B_osbeckiae,w,B_osbeckiae_ms1152_w.JPG
1153,ms1153,B_osbeckiae,w,B_osbeckiae_ms1153_w.JPG
1154,ms1154,B_osbeckiae,w,B_osbeckiae_ms1154_w.JPG
1160,ms1160,B_osbeckiae,w,B_osbeckiae_ms1160_w.JPG
1161,ms1161,B_osbeckiae,w,B_osbeckiae_ms1161_w.JPG
1162,ms1162,B_osbeckiae,w,B_osbeckiae_ms1162_w.JPG
1163,ms1163-2,B_osbeckiae,w,B_osbeckiae_ms1163-2_w.JPG
1163,ms1163,B_osbeckiae,w,B_osbeckiae_ms1163_w.JPG
1180,ms1180,B_osbeckiae,w,B_osbeckiae_ms1180_w.JPG
1783,ms1783,B_osbeckiae,w,B_osbeckiae_ms1783_w.JPG
1784,ms1784,B_osbeckiae,w,B_osbeckiae_ms1784_w.JPG
2027,ms2027,B_osbeckiae,w,B_osbeckiae_ms2027_w.JPG
2028,ms2028,B_osbeckiae,w,B_osbeckiae_ms2028_w.JPG
2029,ms2029,B_osbeckiae,w,B_osbeckiae_ms2029_w.JPG
2035,ms2035,B_osbeckiae,w,B_osbeckiae_ms2035_w.JPG
3553,ms3553,B_osbeckiae,w,B_osbeckiae_ms3553_w.JPG
3554,ms3554,B_osbeckiae,w,B_osbeckiae_ms3554_w.JPG
3555,ms3555,B_osbeckiae,w,B_osbeckiae_ms3555_w.JPG
3556,ms3556,B_osbeckiae,w,B_osbeckiae_ms3556_w.JPG
3557,ms3557,B_osbeckiae,w,B_osbeckiae_ms3557_w.JPG
3558,ms3558,B_osbeckiae,w,B_osbeckiae_ms3558_w.JPG
3559,ms3559,B_osbeckiae,w,B_osbeckiae_ms3559_w.JPG
3560,ms3560,B_osbeckiae,w,B_osbeckiae_ms3560_w.JPG
3561,ms3561,B_osbeckiae,w,B_osbeckiae_ms3561_w.JPG
3562,ms3562,B_osbeckiae,w,B_osbeckiae_ms3562_w.JPG
3563,ms3563,B_osbeckiae,w,B_osbeckiae_ms3563_w.JPG
3589,ms3589,B_osbeckiae,w,B_osbeckiae_ms3589_w.JPG
3590,ms3590,B_osbeckiae,w,B_osbeckiae_ms3590_w.JPG
3592,ms3592,B_osbeckiae,w,B_osbeckiae_ms3592_w.JPG
3758,ms3758,B_osbeckiae,w,B_osbeckiae_ms3758_w.JPG
3764,ms3764,B_osbeckiae,w,B_osbeckiae_ms3764_w.JPG
3768,ms3768,B_osbeckiae,w,B_osbeckiae_ms3768_w.JPG
3782,ms3782,B_osbeckiae,w,B_osbeckiae_ms3782_w.JPG
3783,ms3783,B_osbeckiae,w,B_osbeckiae_ms3783_w.JPG
3784,ms3784,B_osbeckiae,w,B_osbeckiae_ms3784_w.JPG
3785,ms3785,B_osbeckiae,w,B_osbeckiae_ms3785_w.JPG
3786,ms3786,B_osbeckiae,w,B_osbeckiae_ms3786_w.JPG
1658,ms1658,B_papayae,w,B_papayae_ms1658_w.jpg
1659,ms1659,B_papayae,w,B_papayae_ms1659_w.jpg
1660,ms1660,B_papayae,w,B_papayae_ms1660_w.jpg
1661,ms1661,B_papayae,w,B_papayae_ms1661_w.jpg
1662,ms1662,B_papayae,w,B_papayae_ms1662_w.jpg
1663,ms1663,B_papayae,w,B_papayae_ms1663_w.jpg
1664,ms1664,B_papayae,w,B_papayae_ms1664_w.jpg
1665,ms1665,B_papayae,w,B_papayae_ms1665_w.jpg
1666,ms1666,B_papayae,w,B_papayae_ms1666_w.jpg
1667,ms1667,B_papayae,w,B_papayae_ms1667_w.jpg
1668,ms1668,B_papayae,w,B_papayae_ms1668_w.jpg
1669,ms1669,B_papayae,w,B_papayae_ms1669_w.jpg
1110,ms1110,B_paraarecae,w,B_paraarecae_ms1110_w.JPG
1294,ms1294,B_paraarecae,w,B_paraarecae_ms1294_w.JPG
1295,ms1295,B_paraarecae,w,B_paraarecae_ms1295_w.JPG
1296,ms1296,B_paraarecae,w,B_paraarecae_ms1296_w.JPG
2040,ms2040,B_paraarecae,w,B_paraarecae_ms2040_w.JPG
1165,ms1165,B_propinqua,w,B_propinqua_ms1165_w.JPG
1167,ms1167,B_propinqua,w,B_propinqua_ms1167_w.JPG
1170,ms1170,B_propinqua,w,B_propinqua_ms1170_w.JPG
1172,ms1172,B_propinqua,w,B_propinqua_ms1172_w.JPG
2041,ms2041,B_propinqua,w,B_propinqua_ms2041_w.JPG
2042,ms2042,B_propinqua,w,B_propinqua_ms2042_w.JPG
2043,ms2043,B_propinqua,w,B_propinqua_ms2043_w.JPG
3564,ms3564,B_propinqua,w,B_propinqua_ms3564_w.JPG
3565,ms3565,B_propinqua,w,B_propinqua_ms3565_w.JPG
3566,ms3566,B_propinqua,w,B_propinqua_ms3566_w.JPG
3567,ms3567,B_propinqua,w,B_propinqua_ms3567_w.JPG
3568,ms3568,B_propinqua,w,B_propinqua_ms3568_w.JPG
3569,ms3569,B_propinqua,w,B_propinqua_ms3569_w.JPG
3570,ms3570,B_propinqua,w,B_propinqua_ms3570_w.JPG
3571,ms3571,B_propinqua,w,B_propinqua_ms3571_w.JPG
3572,ms3572,B_propinqua,w,B_propinqua_ms3572_w.JPG
3583,ms3583,B_propinqua,w,B_propinqua_ms3583_w.JPG
3584,ms3584,B_propinqua,w,B_propinqua_ms3584_w.JPG
3757,ms3757,B_propinqua,w,B_propinqua_ms3757_w.JPG
3765,ms3765,B_propinqua,w,B_propinqua_ms3765_w.JPG
3833,ms3833,B_propinqua,w,B_propinqua_ms3833_w.JPG
4322,ms4322,B_propinqua,w,B_propinqua_ms4322_w.JPG
4324,ms4324,B_propinqua,w,B_propinqua_ms4324_w.JPG
4331,ms4331,B_propinqua,w,B_propinqua_ms4331_w.JPG
1331,ms1331,B_raiensis,w,B_raiensis_ms1331_w.JPG
1136,ms1136,B_species_21,w,B_species_21_ms1136_w.JPG
1137,ms1137,B_species_21,w,B_species_21_ms1137_w.JPG
1139,ms1139,B_species_21,w,B_species_21_ms1139_w.JPG
1140,ms1140,B_species_21,w,B_species_21_ms1140_w.JPG
1141,ms1141,B_species_21,w,B_species_21_ms1141_w.JPG
1142,ms1142,B_species_21,w,B_species_21_ms1142_w.JPG
1143,ms1143,B_species_21,w,B_species_21_ms1143_w.JPG
1144,ms1144,B_species_21,w,B_species_21_ms1144_w.JPG
1145,ms1145,B_species_21,w,B_species_21_ms1145_w.JPG
1146,ms1146,B_species_21,w,B_species_21_ms1146_w.JPG
1148,ms1148,B_species_21,w,B_species_21_ms1148_w.JPG
1149,ms1149,B_species_21,w,B_species_21_ms1149_w.JPG
1150,ms1150,B_species_21,w,B_species_21_ms1150_w.JPG
1151,ms1151,B_species_21,w,B_species_21_ms1151_w.JPG
1306,ms1306,B_species_21,w,B_species_21_ms1306_w.JPG
1307,ms1307,B_species_21,w,B_species_21_ms1307_w.JPG
1547,ms1547,B_species_21,w,B_species_21_ms1547_w.JPG
1780,ms1780,B_species_21,w,B_species_21_ms1780_w.JPG
1781,ms1781,B_species_21,w,B_species_21_ms1781_w.JPG
1785,ms1785,B_species_21,w,B_species_21_ms1785_w.JPG
1549,ms1549,B_species_40,w,B_species_40_ms1549_w.JPG
1798,ms1798,B_species_54,w,B_species_54_ms1798_w.JPG
1799,ms1799,B_species_54,w,B_species_54_ms1799_w.JPG
1800,ms1800,B_species_54,w,B_species_54_ms1800_w.JPG
3777,ms3777,B_species_54,w,B_species_54_ms3777_w.JPG
1796,ms1796,B_species_55,w,B_species_55_ms1796_w.JPG
3575,ms3575,B_species_55,w,B_species_55_ms3575_w.JPG
3760,ms3760,B_species_55,w,B_species_55_ms3760_w.JPG
3769,ms3769,B_species_55,w,B_species_55_ms3769_w.JPG
1164,ms1164,B_species_59,w,B_species_59_ms1164_w-.JPG
1164,ms1164,B_species_59,w,B_species_59_ms1164_w.JPG
3638,ms3638,B_species_60,w,B_species_60_ms3638_w.JPG
3730,ms3730,B_species_60,w,B_species_60_ms3730_w.JPG
1544,ms1544,B_thailandica,w,B_thailandica_ms1544_w.JPG
1556,ms1556,B_thailandica,w,B_thailandica_ms1556_w.JPG
1558,ms1558,B_thailandica,w,B_thailandica_ms1558_w.JPG
1947,ms1947,B_thailandica,w,B_thailandica_ms1947_w.JPG
1948,ms1948,B_thailandica,w,B_thailandica_ms1948_w.JPG
1949,ms1949,B_thailandica,w,B_thailandica_ms1949_w.JPG
1950,ms1950-1,B_thailandica,w,B_thailandica_ms1950-1_w.JPG
1950,ms1950-2,B_thailandica,w,B_thailandica_ms1950-2_w.JPG
1951,ms1951,B_thailandica,w,B_thailandica_ms1951_w.JPG
1952,ms1952,B_thailandica,w,B_thailandica_ms1952_w.JPG
1953,ms1953,B_thailandica,w,B_thailandica_ms1953_w.JPG
1954,ms1954,B_thailandica,w,B_thailandica_ms1954_w.JPG
1955,ms1955,B_thailandica,w,B_thailandica_ms1955_w.JPG
1956,ms1956,B_thailandica,w,B_thailandica_ms1956_w.JPG
3427,ms3427,B_thailandica,w,B_thailandica_ms3427_w.JPG
3428,ms3428,B_thailandica,w,B_thailandica_ms3428_w.JPG
3429,ms3429,B_thailandica,w,B_thailandica_ms3429_w.JPG
3430,ms3430,B_thailandica,w,B_thailandica_ms3430_w.JPG
3431,ms3431,B_thailandica,w,B_thailandica_ms3431_w.JPG
3432,ms3432,B_thailandica,w,B_thailandica_ms3432_w.JPG
3433,ms3433,B_thailandica,w,B_thailandica_ms3433_w.JPG
3434,ms3434,B_thailandica,w,B_thailandica_ms3434_w.JPG
3435,ms3435,B_thailandica,w,B_thailandica_ms3435_w.JPG
3436,ms3436,B_thailandica,w,B_thailandica_ms3436_w.JPG
3437,ms3437,B_thailandica,w,B_thailandica_ms3437_w.JPG
3438,ms3438,B_thailandica,w,B_thailandica_ms3438_w.JPG
3439,ms3439,B_thailandica,w,B_thailandica_ms3439_w.JPG
3458,ms3458,B_thailandica,w,B_thailandica_ms3458_w.JPG
3525,ms3525,B_thailandica,w,B_thailandica_ms3525_w.JPG
3534,ms3534,B_thailandica,w,B_thailandica_ms3534_w.JPG
3535,ms3535,B_thailandica,w,B_thailandica_ms3535_w.JPG
3536,ms3536,B_thailandica,w,B_thailandica_ms3536_w.JPG
3537,ms3537,B_thailandica,w,B_thailandica_ms3537_w.JPG
3538,ms3538,B_thailandica,w,B_thailandica_ms3538_w.JPG
3539,ms3539,B_thailandica,w,B_thailandica_ms3539_w.JPG
3540,ms3540,B_thailandica,w,B_thailandica_ms3540_w.JPG
3541,ms3541,B_thailandica,w,B_thailandica_ms3541_w.JPG
3542,ms3542,B_thailandica,w,B_thailandica_ms3542_w.JPG
3574,ms3574,B_thailandica,w,B_thailandica_ms3574_w.JPG
3576,ms3576,B_thailandica,w,B_thailandica_ms3576_w.JPG
3581,ms3581,B_thailandica,w,B_thailandica_ms3581_w.JPG
3582,ms3582,B_thailandica,w,B_thailandica_ms3582_w.JPG
3585,ms3585,B_thailandica,w,B_thailandica_ms3585_w.JPG
3586,ms3586,B_thailandica,w,B_thailandica_ms3586_w.JPG
3587,ms3587,B_thailandica,w,B_thailandica_ms3587_w.JPG
3588,ms3588,B_thailandica,w,B_thailandica_ms3588_w.JPG
3695,ms3695,B_thailandica,w,B_thailandica_ms3695_w.JPG
3736,ms3736,B_thailandica,w,B_thailandica_ms3736_w.JPG
3737,ms3737,B_thailandica,w,B_thailandica_ms3737_w.JPG
3767,ms3767,B_thailandica,w,B_thailandica_ms3767_w.JPG
1173,ms1173,B_usitata,w,B_usitata_ms1173_w.JPG
1174,ms1174,B_usitata,w,B_usitata_ms1174_w.JPG
2037,ms2037,B_usitata,w,B_usitata_ms2037_w.JPG
2038,ms2038,B_usitata,w,B_usitata_ms2038_w.JPG
2039,ms2039,B_usitata,w,B_usitata_ms2039_w.JPG
493,FF493-ZN,Bactrocera_pendleburyi,w,Bactrocera_pendleburyi_FF493-ZN_w.tif
6092,ms6092,bactrocera_sp69,w,bactrocera_sp69_ms6092_w.tif
6093,ms6093,bactrocera_sp69,w,bactrocera_sp69_ms6093_w.tif
6236,ms6236,bactrocera_sp69,w,bactrocera_sp69_ms6236_w.tif
492,FF492_ZN,Bactrocera_sp70,w,Bactrocera_sp70_FF492_ZN_w.tif
531,FF531-2-ZN,Bactrocera_sp70,w,Bactrocera_sp70_FF531-2-ZN_w.tif
531,FF531-ZN,Bactrocera_sp70,w,Bactrocera_sp70_FF531-ZN_w.tif
579,FF579_ZN,Bactrocera_sp70,w,Bactrocera_sp70_FF579_ZN_w.tif
581,FF581_ZN,Bactrocera_sp70,w,Bactrocera_sp70_FF581_ZN_w.tif
485,FF485-2,Bactrocera_sp73,w,Bactrocera_sp73_FF485-2_w.tif
485,FF485-3,Bactrocera_sp73,w,Bactrocera_sp73_FF485-3_w.tif
485,FF485-4,Bactrocera_sp73,w,Bactrocera_sp73_FF485-4_w.tif
485,FF485-5,Bactrocera_sp73,w,Bactrocera_sp73_FF485-5_w.tif
485,FF485,Bactrocera_sp73,w,Bactrocera_sp73_FF485_w.tif
6255,ms6255,Bactrocera_sp73,w,Bactrocera_sp73_ms6255_w.tif
6090,ms6090,Dacus_vijaysegarani,w,Dacus_vijaysegarani_ms6090_w.tif
6176,ms6176,unknown_species,w,unknown_species_ms6176_w.tif
6105,ms6105,Zeugodacus_sp68,w,Zeugodacus_sp68_ms6105_w.tif
6195,ms6195,Zeugodacus_sp68,w,Zeugodacus_sp68_ms6195_w.tif
6239,ms6239,Zeugodacus_sp68,w,Zeugodacus_sp68_ms6239_w.tif
